date,cpi_yoy_nfne,wui_lag_4,wui_lag_2,cpi_rolling_12q,wui_rolling_12q,shock_gfc,shock_covid
1996-10-01,79.87434,11781.52,11799.2,90.04855972222224,10178.880083333333,0,0
1997-01-01,76.76068333333333,10780.95,9862.246,90.25509638888889,10066.834416666667,0,0
1997-04-01,76.86498666666667,11799.2,8467.397,87.6731563888889,10196.611416666667,0,0
1997-07-01,85.45403333333333,9862.246,8311.305,85.55263694444444,9845.087666666666,0,0
1997-10-01,91.10570333333334,8467.397,11003.56,84.0160761111111,9710.986666666666,0,0
1998-01-01,94.51853,8311.305,8718.845,82.57136750000001,9944.158333333333,0,0
1998-04-01,95.00811333333336,11003.56,6869.106,83.64353333333334,9927.284000000001,0,0
1998-07-01,86.79682000000001,8718.845,13808.13,84.29203166666667,10448.087583333334,0,0
1998-10-01,79.71515,6869.106,9724.482,84.14800055555556,10258.886333333334,0,0
1999-01-01,73.12398333333333,13808.13,14250.31,83.45638194444444,10283.383833333331,0,0
1999-04-01,70.08999,9724.482,9511.105,82.54847277777777,10384.971333333333,0,0
1999-07-01,71.19059,14250.31,11074.92,81.70857694444445,10044.59825,0,0
1999-10-01,71.78886333333334,9511.105,13018.25,81.03478722222222,9994.194249999999,0,0
2000-01-01,73.09240666666666,11074.92,5777.769,80.72909750000001,9787.61325,0,0
2000-04-01,65.23766,13018.25,7862.549,79.76015361111111,9334.811666666666,0,0
2000-07-01,55.553133333333335,5777.769,5832.333,77.26841194444444,9759.630416666665,0,0
2000-10-01,45.11037666666667,7862.549,5569.941,73.43546805555556,10177.292416666667,0,0
2001-01-01,38.47613666666667,5832.333,13816.67,68.76526861111113,10886.990749999999,0,0
2001-04-01,49.48529333333334,5569.941,11881.05,64.97170027777777,11174.88475,0,0
2001-07-01,54.64300666666666,13816.67,22324.51,62.29221583333333,12083.688083333333,0,0
2001-10-01,59.18627,11881.05,13179.21,60.581475833333336,13245.110999999999,0,0
2002-01-01,59.46870333333334,22324.51,25155.95,59.443535833333335,14205.314333333334,0,0
2002-04-01,45.90056333333333,13179.21,23448.18,57.42775027777777,14615.331,0,0
2002-07-01,39.53108,25155.95,22597.36,54.789457777777784,15311.88775,0,0
2002-10-01,33.289183333333334,23448.18,17938.45,51.58115111111112,16976.082,0,0
2003-01-01,28.500109999999996,22597.36,14136.45,47.86512638888888,18633.272583333335,0,0
2003-04-01,24.50081666666667,17938.45,27832.88,44.47038944444444,21040.345833333333,0,0
2003-07-01,20.49660666666667,14136.45,25718.62,41.549012222222224,21879.485,0,0
2003-10-01,15.445706666666666,27832.88,34454.82,39.07695638888889,21894.248333333333,0,0
2004-01-01,11.893556666666669,25718.62,23886.34,36.86174138888889,21377.398333333334,0,0
2004-04-01,10.830296666666667,34454.82,12058.21,33.64049166666666,21110.409083333332,0,0
2004-07-01,9.059895,23886.34,16122.31,29.84189902777778,20213.897416666663,0,0
2004-10-01,9.603342666666668,12058.21,9975.339,25.709988416666665,19360.109916666665,0,0
2005-01-01,8.730750666666667,16122.31,14397.81,21.481825694444442,18438.48825,0,0
2005-04-01,8.668667666666666,9975.339,13202.73,18.379167722222224,17932.532416666665,0,0
2005-07-01,8.519517666666667,14397.81,11537.9,15.794870861111113,18437.30575,0,0
2005-10-01,8.119627000000001,13202.73,11866.98,13.697407833333335,17131.70158333333,0,0
2006-01-01,8.155223666666666,11537.9,20193.73,12.00200063888889,15951.219083333335,0,0
2006-04-01,9.396649333333334,11866.98,12165.63,10.743320027777777,13766.24725,0,0
2006-07-01,9.906591333333331,20193.73,11552.83,9.86081875,12763.609750000001,0,0
2006-10-01,9.469085,12165.63,8235.158,9.362766944444445,12513.044833333332,0,0
2007-01-01,8.977405666666666,11552.83,11854.69,9.119754361111111,12282.644833333332,0,0
2007-04-01,8.901614,8235.158,9051.431,8.959030805555555,12989.667416666669,0,0
2007-07-01,6.233325333333333,11854.69,13357.51,8.723483333333332,13612.159083333334,0,0
2007-10-01,6.121169666666667,9051.431,18459.61,8.43330225,13665.571583333332,0,0
2008-01-01,6.174055,13357.51,21867.71,8.220244277777779,13802.152416666666,0,0
2008-04-01,7.093093,18459.61,13843.68,8.088946388888889,14314.824916666666,0,0
2008-07-01,7.806266000000001,21867.71,13176.87,8.02950875,13802.693249999998,1,0
2008-10-01,7.220622,13843.68,18019.05,7.954591666666666,13892.67575,1,0
2009-01-01,6.76491,13176.87,14048.15,7.838732194444444,14746.115749999999,1,0
2009-04-01,4.144325666666667,18019.05,13245.42,7.401038555555556,15640.858416666668,1,0
2009-07-01,5.661068333333333,14048.15,21794.11,7.047244972222223,15861.905083333333,1,0
2009-10-01,6.13714,13245.42,18972.07,6.76958288888889,16686.935,1,0
2010-01-01,8.263837,21794.11,14507.25,6.7101188333333335,17216.468333333334,0,0
2010-04-01,9.008312333333334,18972.07,18951.79,6.719010361111111,17465.586666666666,0,0
2010-07-01,6.722322666666667,14507.25,19711.91,6.75976013888889,17281.064166666667,0,0
2010-10-01,5.072524333333333,18951.79,21449.03,6.672373027777778,17369.2275,0,0
2011-01-01,3.6638743333333337,19711.91,19653.44,6.463191305555555,17387.640833333335,0,0
2011-04-01,4.520579000000001,21449.03,14901.64,6.248815138888889,17062.803333333333,0,0
2011-07-01,6.045067,19653.44,13397.83,6.102048555555555,17577.754166666666,0,0
2011-10-01,9.403305666666666,14901.64,14121.0,6.283938861111111,18093.717500000002,0,0
2012-01-01,9.571455666666669,13397.83,20227.56,6.517817666666667,17830.031666666666,0,0
2012-04-01,9.221943666666668,14121.0,19436.98,6.940952500000001,19318.015833333335,0,0
2012-07-01,8.161694,20227.56,18629.88,7.149337972222223,20271.181666666667,0,0
2012-10-01,5.506907666666667,19436.98,36827.88,7.096818611111111,21921.221666666668,0,0
2013-01-01,6.488108999999999,18629.88,25945.24,6.948841277777778,22911.805833333332,0,0
2013-04-01,6.152487666666667,36827.88,38752.27,6.710855888888889,22300.545,0,0
2013-07-01,7.098772666666666,25945.24,31598.92,6.742226722222221,21979.635833333334,0,0
2013-10-01,7.466408333333334,38752.27,14113.9,6.9417170555555545,22278.833333333332,0,0
2014-01-01,7.737411666666667,31598.92,15802.53,7.2811785,22790.419166666663,0,0
2014-04-01,8.965681666666667,14113.9,18492.01,7.651603722222223,23287.510833333334,0,0
2014-07-01,9.048163333333331,15802.53,19536.86,7.901861749999999,22786.146666666667,0,0
2014-10-01,8.675144,18492.01,20086.1,7.841181611111111,22604.066666666666,0,0
2015-01-01,7.778061,19536.86,14211.19,7.691732055555556,23538.093333333334,0,0
2015-04-01,7.485695333333333,20086.1,17252.02,7.547044694444444,22582.498333333333,0,0
2015-07-01,7.7808883333333325,14211.19,29838.2,7.515310888888888,22193.767499999998,0,0
2015-10-01,9.197724333333332,17252.02,25360.74,7.822878944444444,20507.57,0,0
2016-01-01,9.897421666666666,29838.2,21280.47,8.106988333333332,19776.5,0,0
2016-04-01,9.274595666666668,25360.74,18517.9,8.367164,20143.109166666665,0,0
2016-07-01,9.469746333333331,21280.47,22826.08,8.564745138888888,21341.4225,0,0
2016-10-01,8.751295333333333,18517.9,18513.21,8.671819055555556,22469.69666666667,0,0
2017-01-01,10.074811333333331,22826.08,30182.29,8.866602361111111,23334.134166666667,0,0
2017-04-01,10.626933333333334,18513.21,32031.3,9.00504,23036.48833333333,0,0
2017-07-01,10.479393333333334,30182.29,29910.11,9.124309166666666,23212.69,0,0
2017-10-01,11.860933333333334,32031.3,16514.35,9.38979161111111,24141.40166666667,0,0
2018-01-01,10.738633333333333,29910.11,16325.61,9.636505972222222,22790.065,0,0
2018-04-01,12.200833333333334,16514.35,28396.56,10.029434138888888,22814.439166666667,0,0
2018-07-01,17.6604,16325.61,13622.16,10.852726777777777,23433.63,0,0
2018-10-01,20.01156,28396.56,25653.23,11.753879750000001,24094.059166666662,0,0
2019-01-01,16.834783333333334,13622.16,28710.76,12.331993222222222,25240.8875,0,0
2019-04-01,15.409066666666666,25653.23,26443.05,12.843199138888886,27072.206666666665,0,0
2019-07-01,13.457816333333334,28710.76,36588.02,13.175538305555555,27290.430833333336,0,0
2019-10-01,10.584192666666668,26443.05,40489.04,13.32827975,29014.1775,0,0
2020-01-01,12.41196,36588.02,32800.98,13.523042138888888,31162.060833333333,0,1
2020-04-01,12.248786666666668,40489.04,52716.26,13.658196583333334,32195.395833333332,0,1
2020-07-01,11.699663333333334,32800.98,55684.71,13.75988575,33126.40583333333,0,1
2020-10-01,13.150266666666669,52716.26,28914.37,13.867330194444444,32619.994166666667,0,1
2021-01-01,15.76388,55684.71,27497.73,14.286100750000001,32475.541666666668,0,1
2021-04-01,16.612913333333335,28914.37,22319.62,14.653774083333333,31843.84,0,1
2021-07-01,15.665876666666668,27497.73,11888.73,14.487563805555554,31243.656666666666,0,1
2021-10-01,21.34575666666667,22319.62,18072.81,14.598746861111112,30690.290000000005,0,1
2022-01-01,44.164673333333326,11888.73,21508.56,16.876237694444445,29845.873333333333,0,1
2022-04-01,56.35893000000001,18072.81,19802.65,20.288726305555556,28917.09,0,1
2022-07-01,67.11905666666667,21508.56,26455.02,24.760496333333336,28225.73833333333,0,1
2022-10-01,65.52586000000001,19802.65,29343.64,29.338968611111113,26041.08583333333,0,1
2023-01-01,51.53179333333333,26455.02,24504.76,32.598954722222224,23600.6975,0,1
2023-04-01,46.51217666666667,29343.64,26500.43,35.454237222222226,23749.7,0,1
2023-07-01,63.040616666666665,24504.76,26400.05,39.73265,22950.329166666666,0,1
2023-10-01,69.94116000000001,26500.43,30702.4,44.46522444444445,22478.32083333333,0,1
2024-01-01,71.59610666666667,26400.05,17905.28,49.11791,22824.5025,0,1
2024-04-01,73.68670666666667,30702.4,16655.52,53.87405944444444,22576.492499999997,0,1
2024-07-01,53.90903333333333,17905.28,16042.91,57.060989166666666,22389.38333333333,0,1
2024-10-01,46.32565333333333,16655.52,15096.69,59.14264722222222,22936.683333333334,0,1
2025-01-01,40.48714666666667,16042.91,19263.25,58.83618666666667,24744.24,0,1
2025-04-01,37.58099,15096.69,26370.25,57.27135833333333,28968.781666666666,0,1
